Категория,Услуга,Цена (руб.),Срок выполнения
,"Прием (осмотр, консультация) врача-акушера-гинеколога (д.м.н., профессора)
первичный",3000,
,"Прием (осмотр, консультация) врача-акушера-гинеколога (д.м.н., профессора)
повторный",2500,
,"Прием (осмотр, консультация) врача-акушера-гинеколога (к.м.н.) первичная",2500,
,"Прием (осмотр, консультация) врача-акушера-гинеколога (к.м.н.) повторная",2000,
,"Прием (осмотр, консультация) врача-акушера-гинеколога первичный",2300,
,"Прием (осмотр, консультация) врача-акушера-гинеколога повторный",1600,
,"Прием (осмотр, консультация) врача-акушера-гинеколога (в рамках ведения
беременности)",3200,
,"Прием (осмотр, консультация) врача-акушера-гинеколога для оформления выписки
на ВРТ (ЭКО)",4000,
,"Прием (осмотр, консультация) врача-аллерголога-иммунолога (д.м.н., профессора)
первичный",3000,
,"Прием (осмотр, консультация) врача-аллерголога-иммунолога (д.м.н., профессора)
повторный",2500,
,"Прием (осмотр, консультация) врача-аллерголога-иммунолога (к.м.н.) первичный",2500,
,"Прием (осмотр, консультация) врача-аллерголога-иммунолога (к.м.н.) повторный",2000,
,"Прием (осмотр, консультация) врача-аллерголога-иммунолога первичный",2300,
,"Прием (осмотр, консультация) врача-аллерголога-иммунолога повторный",1600,
,"Прием (осмотр, консультация) врача-гастроэнтеролога (д.м.н., профессора)
первичный",3000,
,"Прием (осмотр, консультация) врача-гастроэнтеролога (д.м.н., профессора)
повторный",2500,
,"Прием (осмотр, консультация) врача-гастроэнтеролога (к.м.н.) первичный",2500,
,"Прием (осмотр, консультация) врача-гастроэнтеролога (к.м.н.) повторный",2000,
,"Прием (осмотр, консультация) врача-гастроэнтеролога первичный",2300,
,"Прием (осмотр, консультация) врача-гастроэнтеролога повторный",1600,
,"Прием (осмотр, консультация) врача-гематолога (д.м.н., профессора) первичный",3000,
,"Прием (осмотр, консультация) врача-гематолога (д.м.н., профессора) повторный",2500,
,"Прием (осмотр, консультация) врача-гематолога (к.м.н.) первичный",2500,
,"Прием (осмотр, консультация) врача-гематолога (к.м.н.) повторный",2000,
,"Прием (осмотр, консультация) врача-гематолога первичный",2300,
,"Прием (осмотр, консультация) врача-гематолога повторный",1600,
,"Прием (осмотр, консультация) врача-дерматовенеролога (д.м.н., профессора)
первичный",3000,
,"Прием (осмотр, консультация) врача-дерматовенеролога (д.м.н., профессора)
повторный",2500,
,"Прием (осмотр, консультация) врача-дерматовенеролога (к.м.н.) первичный",2500,
,"Прием (осмотр, консультация) врача-дерматовенеролога (к.м.н.) повторный",2000,
,"Прием (осмотр, консультация) врача-дерматовенеролога первичный",2300,
,"Прием (осмотр, консультация) врача-дерматовенеролога повторный",1600,
,"Прием (осмотр, консультация) врача-инфекциониста (д.м.н., профессора) первичный",3000,
,"Прием (осмотр, консультация) врача-инфекциониста (д.м.н., профессора) повторный",2500,
,"Прием (осмотр, консультация) врача-инфекциониста (к.м.н) первичный",2500,
,"Прием (осмотр, консультация) врача-инфекциониста (к.м.н) повторный",2000,
,"Прием (осмотр, консультация) врача-инфекциониста первичный",2300,
,"Прием (осмотр, консультация) врача-инфекциониста повторный",1600,
,"Прием (осмотр, консультация) врача-детского кардиолога (д.м.н., профессора)
первичный",3000,
,"Прием (осмотр, консультация) врача-детского кардиолога (д.м.н., профессора)
повторный",2500,
,"Прием (осмотр, консультация) врача-детского кардиолога (к.м.н.) первичный",2500,
,"Прием (осмотр, консультация) врача-детского кардиолога (к.м.н.) повторный",2000,
,"Прием (осмотр, консультация) врача - детского кардиолога первичный",2300,
,"Прием (осмотр, консультация) врача - детского кардиолога повторный",1600,
,"Прием (осмотр, консультация) врача-кардиолога (д.м.н., профессора) первичный",3000,
,"Прием (осмотр, консультация) врача-кардиолога (д.м.н., профессора) повторный",2500,
,"Прием (осмотр, консультация) врача-кардиолога (к.м.н.) первичный",2500,
,"Прием (осмотр, консультация) врача-кардиолога (к.м.н.) повторный",2000,
,"Прием (осмотр, консультация) врача-кардиолога первичный",2300,
,"Прием (осмотр, консультация) врача-кардиолога повторный",1600,
,"Прием (осмотр, консультация) врача-невролога (д.м.н., профессора) первичный",3000,
,"Прием (осмотр, консультация) врача-невролога (д.м.н., профессора) повторный",2500,
,"Прием (осмотр, консультация) врача-невролога (к.м.н.) первичный",2500,
,"Прием (осмотр, консультация) врача-невролога (к.м.н.) повторный",2000,
,"Прием (осмотр, консультация) врача-невролога первичный",2300,
,"Прием (осмотр, консультация) врача-невролога повторный",1600,
,"Прием (осмотр, консультация) врача-нефролога (д.м.н., профессора) первичный",3000,
,"Прием (осмотр, консультация) врача-нефролога (д.м.н., профессора) повторный",2500,
,"Прием (осмотр, консультация) врача-нефролога (к.м.н) первичный",2500,
,"Прием (осмотр, консультация) врача-нефролога (к.м.н) повторный",2000,
,"Прием (осмотр, консультация) врача-нефролога первичный",2300,
,"Прием (осмотр, консультация) врача-нефролога повторный",1600,
,"Прием (осмотр, консультация) врача-детского онколога (д.м.н., профессора)
первичный",3000,
,"Прием (осмотр, консультация) врача-детского онколога (д.м.н., профессора)
повторный",2500,
,"Прием (осмотр, консультация) врача-детского онколога (к.м.н.) первичный",2500,
,"Прием (осмотр, консультация) врача-детского онколога (к.м.н.) повторный",2000,
,"Прием (осмотр, консультация) врача-детского онколога первичный",2300,
,"Прием (осмотр, консультация) врача-детского онколога повторный",1600,
,"Прием (осмотр, консультация) врача-онколога (д.м.н., профессора) первичный",3000,
,"Прием (осмотр, консультация) врача-онколога (д.м.н., профессора) повторный",2500,
,"Прием (осмотр, консультация) врача-онколога (к.м.н.) первичный",2500,
,"Прием (осмотр, консультация) врача-онколога (к.м.н.) повторный",2000,
,"Прием (осмотр, консультация) врача-онколога первичный",2300,
,"Прием (осмотр, консультация) врача-онколога повторный",1600,
,"Прием (осмотр, консультация) врача-оториноларинголога (д.м.н., профессора)
первичный",3000,
,"Прием (осмотр, консультация) врача-оториноларинголога (д.м.н., профессора)
повторный",2500,
,"Прием (осмотр, консультация) врача-оториноларинголога (к.м.н.) первичный",2500,
,"Прием (осмотр, консультация) врача-оториноларинголога (к.м.н.) повторный",2000,
,"Прием (осмотр, консультация) врача-оториноларинголога первичный",2300,
,"Прием (осмотр, консультация) врача-оториноларинголога повторный",1600,
,"Прием (осмотр, консультация) врача сурдолога-оториноларинголога первичный",3000,
,"Прием (осмотр, консультация) врача-офтальмолога (д.м.н., профессора)",3000,
,"Прием (осмотр, консультация) врача-офтальмолога (к.м.н.)",2500,
,"Прием (осмотр, консультация) врача-офтальмолога",2300,
,"Прием (осмотр, консультация) врача-офтальмолога (д.м.н., профессора) (дети)",2500,
,"Прием (осмотр, консультация) врача-офтальмолога (к.м.н.) (дети)",2000,
,"Прием (осмотр, консультация) врача-офтальмолога (дети)",1300,
,"Прием (осмотр, консультация) врача-офтальмохирурга,витреоретинального хирурга
(д.м.н., профессор)",3000,
,"Прием (осмотр, консультация) врача-офтальмохирурга,витреоретинального хирурга
(к.м.н.)",2500,
,"Прием (осмотр, консультация) врача-офтальмохирурга,витреоретинального хирурга",2300,
,"Прием (осмотр, консультация) врача-офтальмолога при глаукоме",3200,
,"Прием (осмотр, консультация) врача-офтальмолога в лазерном кабинете",1500,
,"Прием (осмотр, консультация) врача-педиатра (д.м.н., профессора) первичный",3000,
,"Прием (осмотр, консультация) врача-педиатра (д.м.н., профессора) повторный",2500,
,"Прием (осмотр, консультация) врача-педиатра (к.м.н.) первичный",2500,
,"Прием (осмотр, консультация) врача-педиатра (к.м.н.) повторный",2000,
,"Прием (осмотр, консультация) врача-педиатра первичный",2300,
,"Прием (осмотр, консультация) врача-педиатра повторный",1600,
,"Прием (осмотр, консультация) врача-психотерапевта (психиатра) (д.м.н.,
профессора) первичный",3500,
,"Прием (осмотр, консультация) врача-психотерапевта (психиатра) (д.м.н.,
профессора) повторный",3000,
,"Прием (осмотр, консультация) врача-психотерапевта (психиатра) (к.м.н.) первичный",3000,
,"Прием (осмотр, консультация) врача-психотерапевта (психиатра) (к.м.н.) повторный",2500,
,"Прием (осмотр, консультация) врача-психотерапевта (психиатра) первичный",2500,
,"Прием (осмотр, консультация) врача-психотерапевта (психиатра) повторный",2000,
,"Прием (осмотр, консультация) врача-пульмонолога (д.м.н., профессора) первичный",3000,
,"Прием (осмотр, консультация) врача-пульмонолога (д.м.н., профессора) повторный",2500,
,"Прием (осмотр, консультация) врача-пульмонолога (к.м.н.) первичный",2500,
,"Прием (осмотр, консультация) врача-пульмонолога (к.м.н.) повторный",2000,
,"Прием (осмотр, консультация) врача-пульмонолога первичный",2300,
,"Прием (осмотр, консультация) врача-пульмонолога повторный",1600,
,"Прием (осмотр, консультация) врача-ревматолога (д.м.н., профессора) первичный",3000,
,"Прием (осмотр, консультация) врача-ревматолога (д.м.н., профессора) повторный",2500,
,"Прием (осмотр, консультация) врача-ревматолога (к.м.н.) первичный",2500,
,"Прием (осмотр, консультация) врача-ревматолога (к.м.н.) повторный",2000,
,"Прием (осмотр, консультация) врача-ревматолога первичный",2300,
,"Прием (осмотр, консультация) врача-ревматолога повторный",1600,
,"Прием (осмотр, консультация) врача-терапевта (д.м.н., профессора) первичный",3000,
,"Прием (осмотр, консультация) врача-терапевта (д.м.н., профессора) повторный",2500,
,"Прием (осмотр, консультация) врача-терапевта (к.м.н.) первичный",2500,
,"Прием (осмотр, консультация) врача-терапевта (к.м.н.) повторный",2000,
,"Прием (осмотр, консультация) врача-терапевта первичный",2300,
,"Прием (осмотр, консультация) врача-терапевта повторный",1600,
,"Прием (осмотр, консультация) врача-травматолога-ортопеда (д.м.н., профессора)
первичная",3000,
,"Прием (осмотр, консультация) врача-травматолога-ортопеда (д.м.н., профессора)
повторная",2500,
,"Прием (осмотр, консультация) врача-травматолога-ортопеда (к.м.н.) первичный",2500,
,"Прием (осмотр, консультация) врача-травматолога-ортопеда (к.м.н.) повторная",2000,
,"Прием (осмотр, консультация) врача травматолога-ортопеда первичный",2300,
,"Прием (осмотр, консультация) врача травматолога-ортопеда повторный",1600,
,"Прием (осмотр, консультация) врача-уролога (д.м.н., профессора) первичный",3000,
,"Прием (осмотр, консультация) врача-уролога (д.м.н., профессора) повторный",2500,
,"Прием (осмотр, консультация) врача-уролога (к.м.н.) первичный",2500,
,"Прием (осмотр, консультация) врача-уролога (к.м.н.) повторный",2000,
,"Прием (осмотр, консультация) врача-уролога первичный",2300,
,"Прием (осмотр, консультация) врача-уролога повторный",1600,
,"Прием (осмотр, консультация) врача-фтизиатра (д.м.н., профессора) первичный",3000,
,"Прием (осмотр, консультация) врача-фтизиатра (д.м.н., профессора) повторный",2500,
,"Прием (осмотр, консультация) врача-фтизиатра (к.м.н.) первичный",2500,
,"Прием (осмотр, консультация) врача-фтизиатра (к.м.н.) повторный",2000,
,"Прием (осмотр, консультация) врача-фтизиатра первичный",2300,
,"Прием (осмотр, консультация) врача-фтизиатра повторный",1600,
,"Прием (осмотр, консультация) врача-детского хирурга (д.м.н., профессора)
первичный",3000,
,"Прием (осмотр, консультация) врача-детского хирурга (д.м.н., профессора)
повторный",2500,
,"Прием (осмотр, консультация) врача-детского хирурга (к.м.н.) первичный",2500,
,"Прием (осмотр, консультация) врача-детского хирурга (к.м.н.) повторный",2000,
,"Прием (осмотр, консультация) врача-детского хирурга первичный",2300,
,"Прием (осмотр, консультация) врача-детского хирурга повторный",1600,
,"Прием (осмотр, консультация) врача-хирурга (д.м.н., профессора) первичный",3000,
,"Прием (осмотр, консультация) врача-хирурга (д.м.н., профессора) повторный",2500,
,"Прием (осмотр, консультация) врача-хирурга (к.м.н.) первичный",2500,
,"Прием (осмотр, консультация) врача-хирурга (к.м.н.) повторный",2000,
,"Прием (осмотр, консультация) врача хирурга первичный",2300,
,"Прием (осмотр, консультация) врача хирурга повторный",1600,
,"Прием (осмотр, консультация) врача-детского эндокринолога (д.м.н., профессора)
первичный",3000,
,"Прием (осмотр, консультация) врача-детского эндокринолога (д.м.н., профессора)
повторный",2500,
,"Прием (осмотр, консультация) врача-детского эндокринолога (к.м.н.) первичный",2500,
,"Прием (осмотр, консультация) врача-детского эндокринолога (к.м.н.) повторный",2000,
,"Прием (осмотр, консультация) врача-детского эндокринолога первичный",2300,
,"Прием (осмотр, консультация) врача-детского эндокринолога повторный",1600,
,"Прием (осмотр, консультация) врача-эндокринолога (д.м.н., профессора) первичный",3000,
,"Прием (осмотр, консультация) врача-эндокринолога (д.м.н., профессора) повторный",2500,
,"Прием (осмотр, консультация) врача-эндокринолога (к.м.н.) первичный",2500,
,"Прием (осмотр, консультация) врача-эндокринолога (к.м.н.) повторный",2000,
,"Прием (осмотр, консультация) врача-эндокринолога первичный",2300,
,"Прием (осмотр, консультация) врача-эндокринолога повторный",1600,
,Прием врача-офтальмолога для оформления документов на госпитализацию,1300,
,"Профилактический прием (осмотр, консультация) врача-терапевта",600,
,"Профилактический прием (осмотр, консультация) врача-профпатолога",800,
,"Профилактический прием (осмотр, консультация) врача-невролога",600,
,"Профилактический прием (осмотр, консультация) врача-акушера-гинеколога",750,
,"Профилактический прием (осмотр, консультация) врача-офтальмолога",800,
,"Профилактический прием (осмотр, консультация) врача-оториноларинголога",700,
,"Профилактический прием (осмотр, консультация) врача-дерматовенеролога",450,
,"Профилактический прием (осмотр, консультация) врача-хирурга",450,
,"Профилактический прием (осмотр, консультация) врача-уролога",450,
,"Профилактический прием (осмотр, консультация) врача-эндокринолога",550,
,"Профилактический прием (осмотр, консультация) врача-педиатра",700,
,"Профилактический прием (осмотр, консультация) врача - детского хирурга",450,
,"Профилактический прием (осмотр, консультация) врача-травматолога-ортопеда",750,
,"Профилактический прием (осмотр, консультация) врача-детского уролога-андролога",500,
,"Профилактический прием (осмотр, консультация) врача-офтальмолога (дети)",850,
,"Профилактический прием (осмотр, консультация) врача-невролога (дети)",600,
,"Профилактический прием (осмотр, консультация) врача-акушера-гинеколога (дети)",550,
,"Профилактический прием (осмотр, консультация) врача-офтальмолога (водители)",750,
Выезды на дом,"Прием (осмотр, консультация) врача-терапевта первичный на дому (1 зона)",4000,
Выезды на дом,"Прием (осмотр, консультация) врача-терапевта первичный на дому (2 зона)",5000,
Выезды на дом,"Прием (осмотр, консультация) врача-терапевта первичный на дому (3 зона)",6000,
Выезды на дом,"Прием (осмотр, консультация) врача-невролога первичный на дому (1 зона)",4000,
Выезды на дом,"Прием (осмотр, консультация) врача-невролога первичный на дому (2 зона)",5000,
Выезды на дом,"Прием (осмотр, консультация) врача-невролога первичный на дому (3 зона)",6000,
Выезды на дом,"Прием (осмотр, консультация) врача-педиатра первичный на дому (1 зона)",4000,
Выезды на дом,"Прием (осмотр, консультация) врача-педиатра первичный на дому (2 зона)",5000,
Выезды на дом,"Прием (осмотр, консультация) врача-педиатра первичный на дому (3 зона)",6000,
Выезды на дом,"Прием (осмотр, консультация) врача-уролога первичный на дому (1 зона)",4000,
Выезды на дом,"Прием (осмотр, консультация) врача-уролога первичный на дому (2 зона)",5000,
Выезды на дом,"Прием (осмотр, консультация) врача-уролога первичный на дому (3 зона)",6000,
Выезды на дом,"Прием (осмотр, консультация) врача-акушера-гинеколога первичный на дому (1
зона)",4000,
Выезды на дом,"Прием (осмотр, консультация) врача-акушера-гинеколога первичный на дому (2
зона)",5000,
Выезды на дом,"Прием (осмотр, консультация) врача-акушера-гинеколога первичный на дому (3
зона)",6000,
Лабораторные исследования,Взятие крови из периферической вены в НИИ молекулярной генетики,300,
Лабораторные исследования,Забор материала,300,
Аллерго-диагностика (специфический IgE),"Аллергическая чувствительность к лекарствам, 1 препарат (активация базофилов)(3
раб.дня)",2700,
Аллерго-диагностика (специфический IgE),"Аллергическая чувствительность к стоматологическим сплавам: никель-хром,
кобальт-хром (активация базофилов) (3 раб.дня)",5000,
Аллерго-диагностика (специфический IgE),"Аллергопанель «PROTIA Allergy-Q 44 Атопическая панель» (аллергия у детей и
взрослых, 44 аллергена пищевых и респираторных) (4 раб.дня)",6400,
Аллерго-диагностика (специфический IgE),"Аллергопанель «PROTIA Allergy-Q 64 Респираторная панель» (аллергия у детей и
взрослых, 64 респираторных аллергена) (4 раб.дня)",7600,
Аллерго-диагностика (специфический IgE),"Аллергопанель «PROTIA Allergy-Q 72 Пищевая панель» (аллергия у детей и
взрослых, 72 пищевых аллергенов) (4 раб.дня)",7600,
Аллерго-диагностика (специфический IgE),"Аллергопанель «PROTIA Allergy-Q 96 Мульти-панель» (аллергия у детей и взрослых,
107 аллергенов пищевых и респираторных) (4 раб.дня)",11000,
Антитела к грибам,"Аспергиллез (Определение антител к грибам рода аспергиллы (Aspergillus spp.) в
крови (14 раб.дн.)",600,
Антитела к грибам,"Кандида (Антитела класса G (IgG) к грибам рода Candida в сыворотке крови) (14
раб.дн.)",600,
,"Кандида (Антитела класса M (IgM) к грибам рода Candida в сыворотке крови) (14
раб.дн.)",600,
,"Кандида (Антитела класса А (IgА) к грибам рода Candida в сыворотке крови) (14
раб.дн.)",600,
Антитела к инфекциям,Бледная трепонема (Антитела класса G к Treponema pallidum) (14 раб.дн.),400,
Антитела к инфекциям,Бледная трепонема (Антитела класса М к Treponema pallidum)  (14 раб.дн.),400,
Антитела к инфекциям,Болезнь Лайма (Ig G к возбудителям иксодовых клещевых боррелиозов) (7 раб.дн.),650,
Антитела к инфекциям,Болезнь Лайма (Ig М к возбудителям иксодовых клещевых боррелиозов) (7 раб.дн.),650,
Антитела к инфекциям,Бруцеллез (Ig A к возбудителю бруцеллеза) (7 раб.дн.),650,
Антитела к инфекциям,Бруцеллез (Ig G к возбудителю бруцеллеза) (7 раб.дн.),650,
Антитела к инфекциям,Вирус клещевого энцефалита (Ig G к вирусу КЭ) (7 раб.дн.),650,
Антитела к инфекциям,Вирус клещевого энцефалита (Ig М к вирусу КЭ) (7 раб.дн.),650,
Антитела к инфекциям,Вирус простого герпеса 1 и 2 типа (Ig G к ВПГ) (7 раб.дн.),450,
Антитела к инфекциям,Вирус простого герпеса 1 и 2 типа (Ig M к ВПГ) (7 раб.дн.),450,
Антитела к инфекциям,Вирус простого герпеса 1 и 2 типа (Индекс авидности Ig G к ВПГ) (7 раб.дн.),490,
Антитела к инфекциям,"Вирус Эпштейна-Барра (Ig G к капсидному антигену VCA вируса Эпштейна-Барра)
(7 раб.дн.)",700,
Антитела к инфекциям,"Вирус Эпштейна-Барра (Ig М к капсидному антигену VCA вируса Эпштейна-Барра)
(7 раб.дн.)",700,
Антитела к инфекциям,ВИЧ (Экспресс-выявление антител к ВИЧ 1 и ВИЧ 2) (Access 2),700,
Антитела к инфекциям,"Гепатит В (Определение антигена (HbeAg) вируса гепатита B (Hepatitis B virus) в
крови (7 раб.дн)",1100,
Антитела к инфекциям,"Гепатит В (Определение антигена (HbsAg) вируса гепатита B (Hepatitis B virus) в
крови (Access 2)",700,
Антитела к инфекциям,"Гепатит В (Определение антител к поверхностному антигену (HBsAg) вируса
гепатита B (Hepatitis B virus) в крови (1 раб.день)",700,
Антитела к инфекциям,"Гепатит В (Определение антител к e-антигену (anti-HBe) вируса гепатита B (Hepatitis
B virus) в крови (7 раб.дн)",1100,
Антитела к инфекциям,"Гепатит С (Определение антител к вирусу гепатита C (Hepatitis C virus) в крови
(Access 2)",750,
Антитела к инфекциям,Иерсиния (Антитела IgG к возбудителям иерсиниозов) (14 раб.дн.),650,
Антитела к инфекциям,Иерсиния (Антитела IgM к возбудителям иерсиниозов) (14 раб.дн.),650,
Антитела к инфекциям,Корь (Антитела IgG к вирусу кори) (14 раб.дн.),650,
Антитела к инфекциям,Корь (Антитела IgM к вирусу кори) (14 раб.дн.),650,
Антитела к инфекциям,"Краснуха (Определение антител класса G (IgG) к вирусу краснухи (Rubella virus) в
крови (Access 2)",790,
Антитела к инфекциям,"Краснуха (Определение антител класса M (IgM) к вирусу краснухи (Rubella virus) в
крови (Access 2)",820,
Антитела к инфекциям,Лямблии (Ig M к антигенам лямблий) (14 раб.дн.),450,
Антитела к инфекциям,Лямблии (антитела к антигенам лямблий) (14 раб.дн.),450,
Антитела к инфекциям,Микоплазма (Ig G к Mycoplasma pneumoniae) (14 раб.дн.),450,
Антитела к инфекциям,Микоплазма (Ig М к Mycoplasma pneumoniae) (14 раб.дн.),450,
Антитела к инфекциям,"Исследование уровня прокальцитонина в крови (MAGLUMI, 2 раб.дня)",1950,
Антитела к инфекциям,Токсоплазма (Антитела IgG к токсоплазме) (колич.) (Access 2),800,
Антитела к инфекциям,Токсоплазма (Антитела IgM II к токсоплазме) (колич.) (Access 2),800,
Антитела к инфекциям,Уреаплазма (Ig G к Ureaplasma urealyticum) (14 раб.дн.),450,
Антитела к инфекциям,"Хеликобактер пилори (Суммарные антитела к антигену Cag A Helicobacterpylori) (14
раб.дн.)",450,
Антитела к инфекциям,"Хеликобактер пилори (Экспресс-выявления антител к антигену CagA Helicobacter
pylori в крови методом дот-анализа)(3 раб.дн.)",840,
Антитела к инфекциям,Хламидии (Ig G chlamydia pneumoniae) (14 раб.дн.),450,
Антитела к инфекциям,Хламидии (Ig G chlamydia trachomatis) (14 раб.дн.),450,
Антитела к инфекциям,Хламидии (Ig М chlamydia pneumoniae) (14 раб.дн.),450,
Антитела к инфекциям,Хламидии (Ig М chlamydia trachomatis) (14 раб.дн.),450,
Антитела к инфекциям,Цитомегаловирус (Ig G к ЦМВ) (7 раб.дн.),650,
Антитела к инфекциям,Цитомегаловирус (Ig M к ЦМВ) (7 раб.дн.),450,
Антитела к инфекциям,Цитомегаловирус (Индекс авидности Ig G к ЦМВ) (7 раб.дн.),490,
,"Определение иммуноглобулинов класса G к коронавирусу SARS-CoV-2-S (spike)
(COVID-19) в плазме крови (1 рабочий день)",1200,
,"Определение иммуноглобулинов класса G к коронавирусу SARS-CoV-2-S (spike)
(COVID-19) в плазме крови (3 рабочих дня)",600,
,"Определение иммуноглобулинов класса М к коронавирусу SARS-CoV-2-S (spike)
(COVID-19) в плазме крови (1 рабочий день)",1200,
,"Определение иммуноглобулинов класса М к коронавирусу SARS-CoV-2-S (spike)
(COVID-19) в плазме крови (3 рабочих дня)",600,
Антитела к паразитам,"Амёбиаз (Определение антител классов A, M, G (IgA, IgM, IgG) к амебе гистолитика
(Entamoeba histolytica) в крови (14 раб.дн.)",1200,
Антитела к паразитам,Аскаридоз (Определение антител к аскаридам (Ascaris lumbricoides) (14 раб.дн.),650,
Антитела к паразитам,Описторхоз (Ig G к антигенам описторхисов в сыворотке крови) (14 раб.дн.),600,
Антитела к паразитам,Описторхоз (Ig М к антигенам описторхисов в сыворотке крови)(14 раб.дн.),600,
Антитела к паразитам,Токсокара (Определение антител к токсокаре (Toxocara canis) в крови (14 раб.дней),600,
Антитела к паразитам,Трихинеллы (Ig G к антигенам трихинелл в сыворотке крови) (14 раб.дн.),600,
Антитела к паразитам,Трихинеллы (Ig М к антигенам трихинелл в сыворотке крови) (14 раб.дн.),600,
Антитела к паразитам,"Цистицеркоз (Антитела класса G к Taenia solium в сыворотке крови) (колич.) (14
раб.дн.)",1200,
Антитела к паразитам,"Эхинококк (Определение антител класса G (IgG) к эхинококку однокамерному в
крови",650,
Биохимические исследования,АЛТ (Определение активности аланинаминотрансферазы в крови),260,
Биохимические исследования,Альбумин (Исследование уровня в крови),290,
Биохимические исследования,Альфа-амилаза (Определение активности амилазы в крови),260,
Биохимические исследования,Альфа- диастаза (Определение активности альфа-амилазы в моче),260,
Биохимические исследования,Определение антистрептолизина-O в сыворотке крови,500,
Биохимические исследования,АСТ (Определение активности аспартатаминотрансферазы в крови),260,
Биохимические исследования,"Билирубин (Исследование уровня общего билирубина в крови (фракции общего
билирубина)",290,
Биохимические исследования,ГГТП (Определение активности гамма-глютамилтрансферазы в крови),290,
Биохимические исследования,Исследование уровня гликированного гемоглобина в крови,790,
Биохимические исследования,Исследование уровня глюкозы в крови,240,
Биохимические исследования,Исследование уровня гомоцистеина в крови (4 раб.дня),1100,
Биохимические исследования,Исследование уровня железа сыворотки крови,260,
Биохимические исследования,Индекс HOMA-IR (Исследование уровня глюкозы в крови),240,
Биохимические исследования,Исследование уровня кальция в моче,210,
Биохимические исследования,Исследование уровня общего кальция в крови,210,
Биохимические исследования,Исследование уровня креатинина в крови,210,
Биохимические исследования,Исследование уровня креатинина в суточной моче,210,
Биохимические исследования,КФК (Определение активности креатинкиназы в крови),270,
Биохимические исследования,КФК-МВ (Исследование уровня/активности изоферментов креатинкиназы в крови),440,
Биохимические исследования,ЛДГ (Определение активности лактатдегидрогеназы в крови),200,
Биохимические исследования,Лекарственный мониторинг- вальпроевая кислота (4 раб.дня),650,
Биохимические исследования,"Лекарственный мониторинг- карбамазепин (финлепсин, тегретол) (4 раб.дня)",650,
Биохимические исследования,Лекарственный мониторинг- ламотриджин (4 раб.дня),650,
Биохимические исследования,"Лекарственный мониторинг- фенитоин (дифенин, дилантин) (4 раб.дня)",650,
Биохимические исследования,Лекарственный мониторинг- фенобарбитал (люминал) (4 раб.дня),650,
Биохимические исследования,Липаза (Определение активности в сыворотке крови),500,
Биохимические исследования,"Липидный спектр (Анализ крови по оценке нарушений липидного обмена
биохимический)",1100,
Биохимические исследования,Исследование уровня липопротеинов в крови,1000,
Биохимические исследования,Исследование уровня апопротеина A1 в крови,850,
,Исследование уровня апопротеина B1 в крови,730,
,Магний (Исследование уровня общего магния в сыворотке крови),270,
,Медь (Исследование уровня меди в моче),440,
,Медь (Исследование уровня меди в крови),440,
,МАУ (Определение альбумина в моче),330,
,Исследование уровня мочевой кислоты в крови,270,
,Исследование уровня мочевины в крови,200,
,Исследование уровня общего белка в крови,200,
,Исследование уровня общего холестерина в крови,250,
,ОЖСС (Исследование железосвязывающей способности сыворотки),250,
,Определение активности панкреатической амилазы в крови,440,
,Микроскопия крови на обнаружение LE-клеток,380,
,Определение содержания ревматоидного фактора в крови,440,
,СРБ (Исследование уровня С-реактивного белка в сыворотке крови),290,
,Проведение глюкозотолерантного теста,650,
,Тимоловая проба,270,
,Исследование уровня трансферрина сыворотки крови,380,
,Исследование уровня триглицеридов в крови,200,
,Фосфор (Исследование уровня неорганического фосфора в крови),200,
,Исследование уровня холестерина липопротеинов высокой плотности в крови,340,
,Исследование уровня холестерина липопротеинов низкой плотности,340,
,Исследование уровня церулоплазмина в крови,340,
,Цинк (Исследование уровня цинка в крови),670,
,Определение активности щелочной фосфатазы в крови,290,
Гистологические исследования,Мазок на АК,500,
Гистологические исследования,ПАП-тест,560,
Гистологические исследования,Цитологическое исследование пунктата щитовидной железы,600,
Гистологические исследования,Цитологическое исследование пунктата молочной железы,600,
Гистологические исследования,Цитологическое исследование пунктата лимфатических узлов,600,
Гистологические исследования,Цитологическое исследование пунктата мягких тканей,600,
Гистологические исследования,"ПАЛ Оценка, интерпретация и описание результатов патолого-анатомического
исследования биопсийного (операционного) материала 1 категории сложности (10- 14 раб.дней)",900,
Гистологические исследования,"ПАЛ Оценка, интерпретация и описание результатов патолого-анатомического
исследования биопсийного (операционного) материала 2 категории сложности (10- 14 раб.дней)",1150,
Гистологические исследования,"ПАЛ Оценка, интерпретация и описание результатов патолого-анатомического
исследования биопсийного (операционного) материала 3 категории сложности (10- 14 раб.дней)",1500,
Гистологические исследования,"ПАЛ Оценка, интерпретация и описание результатов патолого-анатомического
исследования биопсийного (операционного) материала 4 категории сложности (10- 14 раб.дней)",1950,
Гистологические исследования,"ПАЛ Оценка, интерпретация и описание результатов патолого-анатомического
исследования биопсийного (операционного) материала 5 категории сложности (10- 14 раб.дней)",2100,
Гистологические исследования,ПАЛ Срочное прижизненное патологоанатомическое исследование операционного (биопсийного) материала любой категории сложности (4 раб.дн.),2000,
"Гормоны надпочечников, гипофиза",Исследование уровня 17-гидроксипрогестерона в крови (4 раб.дня),1150,
"Гормоны надпочечников, гипофиза",Исследование уровня ренина в крови (7 раб.дней),1900,
"Гормоны надпочечников, гипофиза","Исследование уровня альдостерона в моче (MAGLUMI, 2 раб.дня)",1150,
"Гормоны надпочечников, гипофиза","Исследование уровня альдостерона в крови (MAGLUMI, 2 раб.дня)",1150,
"Гормоны надпочечников, гипофиза",Дегидроэпиандростерона сульфат в слюне (ДГЭА-сульфат слюны) (Access 2),1450,
"Гормоны надпочечников, гипофиза",Кортизол (Исследование уровня общего кортизола в крови)(Access 2),650,
"Гормоны надпочечников, гипофиза","Кортизол и кортизон в крови методом ВЭЖХ (Исследование уровня 11-
дезоксикортикортизола )(4 раб.дн.)",1300,
"Гормоны надпочечников, гипофиза",Исследование уровня свободного кортизола в слюне (1 порция) (Access 2),840,
"Гормоны надпочечников, гипофиза",Исследование уровня свободного кортизола в слюне (3 порции) (Access 2),2500,
"Гормоны надпочечников, гипофиза",Исследование уровня свободного кортизола в слюне (4 порции) (Access 2),3300,
"Гормоны надпочечников, гипофиза",Метаболиты катехоламины и серотонин в моче (7 раб.дней),1800,
,Свободный кортизол в суточной моче (Access 2),700,
Гормоны репродуктивной системы,Исследование уровня антимюллерова гормона в крови (Access 2),2100,
Гормоны репродуктивной системы,Исследование уровня бета-хорионического гонадотропина в крови (Access 2),800,
Гормоны репродуктивной системы,"Исследование уровня дегидроэпиандростерона сульфата в крови (ДГЭА-сульфат)
(Access 2)",760,
Гормоны репродуктивной системы,Исследование уровня дигидротестостерона в крови (7 раб.дн.),1350,
Гормоны репродуктивной системы,Исследование уровня ингибина B в крови (7 раб.дн.),1200,
Гормоны репродуктивной системы,Исследование уровня лютеинизирующего гормона (ЛГ) в сыворотке крови (Access 2),670,
Гормоны репродуктивной системы,Исследование уровня прогестерона в крови (Access 2),670,
Гормоны репродуктивной системы,Исследование уровня пролактина в крови (Access 2),670,
Гормоны репродуктивной системы,"Исследование уровня свободного тестостерона (тестостерон + ССГ) в крови (Access
2)",1570,
Гормоны репродуктивной системы,"ССГ (Исследование уровня глобулина, связывающего половые гормоны в крови)
(Access 2)",900,
Гормоны репродуктивной системы,Исследование уровня общего тестостерона в крови (Access 2),670,
Гормоны репродуктивной системы,"ФСГ (Исследование уровня фолликулостимулирующего гормона в сыворотке крови)
(Access 2)",670,
Гормоны репродуктивной системы,Исследование уровня общего эстрадиола в крови (Access 2),670,
Гормоны репродуктивной системы,"Исследование уровня андростендиона в крови (MAGLUMI , 2 раб.дня)",1500,
Гормоны щитовидной железы,Определение содержания антител к тиреоглобулину в сыворотке крови (Access 2),760,
Гормоны щитовидной железы,Антитела к тиреоидной пероксидазе (ТПО) (Access 2),670,
Гормоны щитовидной железы,"Определение содержания антител к рецептору тиреотропного гормона (ТТГ) в крови
(7 раб.дн.)",1800,
Гормоны щитовидной железы,Исследование уровня общего тироксина сыворотки крови (общий Т4) (Access 2),560,
Гормоны щитовидной железы,Исследование уровня общего трийодтиронина в крови (общий Т3) (Access 2),560,
Гормоны щитовидной железы,"Исследование уровня свободного тироксина сыворотки крови (свободный
Т4)(Access 2)",560,
Гормоны щитовидной железы,Исследование уровня свободного трийодтиронина в крови (свободный Т3) (Access 2),560,
Гормоны щитовидной железы,Исследование уровня тиреоглобулина (ТГ) в крови (Access 2),790,
Гормоны щитовидной железы,Исследование уровня тиреотропного гормона (ТТГ) в крови (Access 2),560,
Гуморальный иммунитет и иммунограмма,"Иммунограмма базовая (клеточный иммунитет + иммуноглобулины A, М, G, Е) (3
раб.дня)",4900,
Гуморальный иммунитет и иммунограмма,"Иммунограмма расширенная (скрининг клеточных лимфоидных первичных
иммунодефицитов EuroFlow PIDOT) (7 раб.дней)",9850,
Гуморальный иммунитет и иммунограмма,"Клеточный иммунитет: В-лимфоциты, NK-клетки, T-NK клетки (3 раб.дня)",1550,
Гуморальный иммунитет и иммунограмма,"Клеточный иммунитет: Т-лимфоциты, Т-хелперы, T-цитотоксические (3 раб.дня)",1850,
Гуморальный иммунитет и иммунограмма,"Клеточный иммунитет: Т-лимфоциты, Т-хелперы, Т-цитотоксические, В-
лимфоциты, NK-клетки, T-NK клетки (3 раб.дня)",3400,
Гуморальный иммунитет и иммунограмма,Исследование уровня циркулирующих иммунных комплексов в крови (3раб.дня),1500,
Гуморальный иммунитет и иммунограмма,Исследование уровня общего иммуноглобулина A в крови (3 раб.дня),420,
Гуморальный иммунитет и иммунограмма,Исследование уровня общего иммуноглобулина E в крови (3 раб.дня),500,
Гуморальный иммунитет и иммунограмма,Исследование уровня общего иммуноглобулина G в крови (3 раб.дня),420,
Гуморальный иммунитет и иммунограмма,Исследование уровня общего иммуноглобулина M в крови (3 раб.дня),420,
Гуморальный иммунитет и иммунограмма,С3 и С4 Исследование уровня комплемента и его фракций в крови (3 раб.дня),1000,
Гуморальный иммунитет и иммунограмма,"Способность к фагоцитозу и степень спонтанного кислородного метаболизма (НСТ-
тест и латекс-тест) нейтрофилов, моноцитов (3 раб.дня)",1100,
Гуморальный иммунитет и иммунограмма,"Способность лимфоцитов к активации в ответ на ФГА (CD69+ лимфоциты) (3
раб.дня)",3400,
"Диагностика анемий, атрофии слизистой желудка",Определение уровня витамина B12 (цианокобаламин) в крови (Access 2),830,
"Диагностика анемий, атрофии слизистой желудка",Исследование уровня ферритина в крови (Access 2),870,
"Диагностика анемий, атрофии слизистой желудка",Фолат. Исследование уровня фолиевой кислоты в сыворотке крови (Access 2),700,
Диагностика аутоиммунных заболеваний,Антитела к аннексину V (A5) классов IgG и IgM (7 раб. дней),1700,
,"Определение содержания антител к циклическому цитрулиновому пептиду (анти-
CCP) в крови (MAGLUMI, 2 раб.дня)",1800,
,Антитела класса IgG к двуспиральной (нативной) ДНК (7 раб. дня),670,
,"Антитела классов IgG, IgM и IgA к В2-гликопротеину I (В2GPI) в сыворотке крови
(колич.) (7 раб.дней)",1300,
,"Антифосфолипид-скрининг (Определение содержания антител к фосфолипидам в
крови) (7 раб.дней)",700,
,Антиядерные (экстрагируемые) антитела класса G (ANA/ENA) (качест.) (7 раб.дней),2950,
,"Аутоантитела класса G (IgG) к тканевой трансглутаминазе в сыворотке крови (7
раб.дней)",670,
,"Аутоантитела класса А (IgA) к тканевой трансглутаминазе в сыворотке крови (7
раб.дней)",670,
,"Определение Омега-3 индекса в крови методом тандемной масс-спектрометрии (4
раб.дня)",4600,
,"Целиакия ""глютеновая энтеропатия"" (Ig G) Определение содержания антител к
глиадину в крови (7 раб.дней)",670,
,"Целиакия ""глютеновая энтеропатия"" (Ig А) Определение содержания антител к
глиадину в крови (7 раб.дней)",670,
Заболевания костной ткани,Исследование уровня 25-OH витамина Д в крови (Ассess 2),2400,
Заболевания костной ткани,"Гормон роста человека СТГ (Исследование уровня соматотропного гормона в крови)
(Ассess 2)",880,
Заболевания костной ткани,"Исследование уровня инсулиноподобного ростового фактора I в крови (MAGLUMI,
2 раб.дня)",1500,
Заболевания костной ткани,Исследование уровня интактного паратиреоидного гормона в крови (Ассess 2),880,
Заболевания сердечно-сосудистой системы,"Исследования уровня N-терминального фрагмента натрийуретического пропептида
мозгового (NT-proBNP) в крови MAGLUMI (2 раб.дня)",1950,
Заболевания сердечно-сосудистой системы,"Исследования уровня мозгового натрийуретического пептида (ВNP) в крови
MAGLUMI (2 раб.дня)",1950,
Заболевания сердечно-сосудистой системы,"Исследование уровня тропонина I в крови (высокочувствительный) MAGLUMI (2
раб.дня)",1550,
Исследование свёртывающей системы крови,"Агрегация тромбоцитов (с АДФ, адреналином, коллагеном) (2 раб.дня)",1800,
Исследование свёртывающей системы крови,Агрегация тромбоцитов с адреналином (2 раб.дня),650,
Исследование свёртывающей системы крови,Агрегация тромбоцитов с АДФ (2 раб.дня),650,
Исследование свёртывающей системы крови,Агрегация тромбоцитов с коллагеном (2 раб.дня),650,
Исследование свёртывающей системы крови,Агрегация тромбоцитов с ристомицином (2 раб.дня),950,
Исследование свёртывающей системы крови,"Антигены системы Резус и Kell в геле (D,C,E,c,e,C(w),kell) (2 раб.дня)",2100,
Исследование свёртывающей системы крови,Определение активности антитромбина III в крови,1400,
Исследование свёртывающей системы крови,АЧТВ (Активированное частичное тромбопластиновое время),220,
Исследование свёртывающей системы крови,Определение концентрации Д-димера в крови (колич.),1000,
Исследование свёртывающей системы крови,Определение активности ингибиторов к фактору VIII в плазме крови (2 раб.дня),3100,
Исследование свёртывающей системы крови,Коагулограмма (ориентировочное исследование системы гемостаза),600,
Исследование свёртывающей системы крови,Исследование активности и свойств фактора Виллебранда в крови (2 раб.дня),1400,
Исследование свёртывающей системы крови,Определение активности фактора IX в сыворотке крови (2 раб.дня),730,
Исследование свёртывающей системы крови,Определение активности фактора V в сыворотке крови (2 раб.дня),730,
Исследование свёртывающей системы крови,Определение активности фактора VII в сыворотке крови (2 раб.дня),730,
Исследование свёртывающей системы крови,Определение активности фактора VIII в сыворотке крови (2 раб.дня),730,
Исследование свёртывающей системы крови,Определение активности фактора XI в сыворотке крови (2 раб.дня),730,
Исследование свёртывающей системы крови,Определение активности фактора XII в сыворотке крови (2 раб.дня),730,
Исследование свёртывающей системы крови,Исследование уровня фибриногена в крови,220,
Исследование свёртывающей системы крови,Определение активности протеина S в крови (2 раб.дн.),1750,
Исследование свёртывающей системы крови,Исследование уровня протеина C в крови (2 раб.дн.),1650,
Исследование свёртывающей системы крови,"Протромбиновое время (Определение международного нормализованного
отношения (МНО)",260,
Исследование свёртывающей системы крови,РФМК (Исследование уровня растворимых фибринмономерных комплексов в крови),380,
Общеклинические анализы,Глюкоза крови (глюкометр),240,в течение дня сдачи анализа
,Исследование уровня глюкозы в моче,190,
,Микроскопическое исследование соскоба с кожи на клещей (демодекс),440,
,"Микроскопическое исследование ногтевых пластинок на грибы
(микозы)(дрожжевые, плесневые, дерматомицеты)",440,
,Микроскопическое исследование влагалищных мазков (ИППП),500,
,Микроскопическое исследование мазка на микрофлору и ИППП (муж),500,
,Микроскопическое исследование осадка секрета простаты,500,
,Общий (клинический) анализ мочи,420,
,Исследование мочи методом Нечипоренко,250,
,Общий (клинический) анализ крови развернутый,680,
,"Риноцитограмма (Микроскопическое исследование отделяемого со слизистой
оболочки носа)",490,
,"Экспресс-диагностика сифилиса (Определение антител к бледной трепонеме
(Treponema pallidum) в нетрепонемных тестах (RPR, РМП) (кач.,полуколич) в",380,
Онкогематология. Иммунофенотипирование гемобластозов,"Диагностика острого миелоидного лейкоза (ОМЛ) методом проточной цитометрии
(MRD, МРД) (3 раб.дня)",14500,
Онкогематология. Иммунофенотипирование гемобластозов,"Диагностика пароксизмальной ночной гемоглобинурии (ПНГ) методом проточной
цитометрии (3 раб.дня)",3400,
Онкогематология. Иммунофенотипирование гемобластозов,Иммунофенотипирование клеток костного мозга и периферической крови для диагностики остаточной минимальной болезни (МОБ) методом ПЦ (3 раб.дня),12200,
Онкогематология. Иммунофенотипирование гемобластозов,"Иммунофенотипирование клеток костного мозга и периферической крови при
лимфопролиферативных заболеваниях методом ПЦ (3 раб.дня)",7300,
Онкомаркеры,Исследование уровня альфа-фетопротеина в сыворотке крови (Access 2),830,
Онкомаркеры,"Определение секреторного белка эпидидимиса человека 4 (HE4) в крови
(MAGLUMI, 2 раб.дня)",1300,
Онкомаркеры,Исследование уровня антигена аденогенных раков CA 125 в крови (Access 2),830,
Онкомаркеры,Исследование уровня опухолеассоциированного маркера СА 15-3 в крови (Access 2),830,
Онкомаркеры,Исследование уровня антигена аденогенных раков CA 19-9 в крови (Access 2),830,
Онкомаркеры,"Индекс ROMA (риска развития рака яичников, Risk of Ovarian Malignancy Algorithm)
(7 раб.дней)",2100,
Онкомаркеры,"Исследование уровня кальцитонина в крови (MAGLUMI, 2 раб.дня)",1300,
Онкомаркеры,Исследование уровня нейронспецифической енолазы в крови (7 раб.дней),1100,
Онкомаркеры,"ПСА общий (Исследование уровня простатспецифического антигена общего в
крови)(Access 2)",830,
Онкомаркеры,"ПСА свободный (Исследование уровня простатспецифического антигена свободного
в крови) (Access 2)",830,
Онкомаркеры,Исследование уровня ракового эмбрионального антигена в крови (Access 2),830,
Онкомаркеры,Определение хромогранина A в крови (7 раб.дней),3300,
Спермограмма,Спермограмма (2 раб.дня),2100,
Спермограмма,"Тест на жизнеспособность и дисперсию хроматина сперматозоидов (Оценка
фрагментации ДНК сперматозоидов (2 раб.дня)",10300,
"Функция поджелудочной железы, диабет",Индекс HOMA-IR (инсулин) (Access 2),830,
"Функция поджелудочной железы, диабет",Инсулин (Access 2),830,
"Функция поджелудочной железы, диабет",Исследование уровня C-пептида в крови (7 раб.дней),900,
Бактериологические исследования,"Микробиологическое (культуральное) исследование грудного молока на аэробные и
факультативно-анаэробные микроорганизмы (4 раб.дня)",400,от 1 до 14 рабочих дней (зависит от исследования)
Бактериологические исследования,Исследование микробиоценоза кишечника (дисбактериоз) (7 раб.дней),1800,от 1 до 14 рабочих дней (зависит от исследования)
Бактериологические исследования,Кишечная группа (Микробиологическое (культуральное) исследование фекалий/ректального мазка на возбудителя дизентерии (Shigella spp.) (4 раб.дня),450,от 1 до 14 рабочих дней (зависит от исследования)
Бактериологические исследования,Исследование кала на скрытую кровь (1 раб.день),350,от 1 до 14 рабочих дней (зависит от исследования)
Бактериологические исследования,"Микробиологическое (культуральное) исследование кала на аэробные и
факультативно-анаэробные микроорганизмы (стафилококк) ( 4 раб.дней)",400,от 1 до 14 рабочих дней (зависит от исследования)
Бактериологические исследования,Исследование углеводов в кале (1 раб.день),250,от 1 до 14 рабочих дней (зависит от исследования)
,"Микробиологическое (культуральное) исследование кала на аэробные и
факультативно-анаэробные микроорганизмы (УПМ) ( 7 раб.дней)",1000,
,"Микроскопическое исследование кала на яйца и личинки гельминтов (я/глист)(1
раб.день)",250,
,"Микробиологическое (культуральное) исследование крови на стерильность (14
раб.дней)",450,
,Микроскопическое исследование отделяемого конъюнктивы на аэробные и факультативно-анаэробные микроорганизмы (глаза одного) (3-7 раб.дн.) Бак посев,650,
,"Микробиологическое (культуральное) исследование отделяемого женских половых органов на аэробные и факультативно-анаэробные микроорганизмы (3-7 раб.дн.) Бак
посев",650,
,"Микробиологическое (культуральное) исследование отделяемого мужских половых органов на аэробные и факультативно-анаэробные микроорганизмы (3-7 раб.дн.) Бак
посев",650,
,"Бактериологическое исследование отделяемого из зева на стрептококк группы A
(Streptococcus gr. A) (3-7 раб.дней) Бак посев",650,
,Анализ микрофлоры кожи (3-7 раб.дней),550,
,"Микробиологическое (культуральное) исследование мокроты на аэробные и
факультативно-анаэробные микроорганизмы (3-7 раб.дней) Бак посев",650,
,"Микробиологическое (культуральное) исследование осадка мочи на дрожжевые
грибы (3-7 раб.дней) Бак посев",550,
,Анализ микрофлоры мочи (экспресс-метод) (3 раб.дн. без антибиотикограммы),650,
,"Микробиологическое (культуральное) исследование смывов из околоносовых
полостей на аэробные и факультативно-анаэробные микроорганизмы (3-7 раб.дней) Бак посев",350,
,"Микробиологическое (культуральное) исследование отделяемого из полости рта (3-7
раб.дней) Бак посев",650,
,"Микробиологическое (культуральное) исследование отделяемого секрета простаты на аэробные и факультативно-анаэробные условно-патогенные микроорганизмы (3-7
раб.дней) Бак посев",650,
,Микробиологическое (культуральное) исследование отделяемого из ушей на аэробные и факультативно-анаэробные микроорганизмы (3-7 раб.дней) Бак посев,650,
,"Микробиологическое (культуральное) исследование эякулята на аэробные и
факультативно-анаэробные условно-патогенные микроорганизмы (3-7 раб.дней) Бак посев",650,
,"Анализ на УПМ глаза, уха, носа, рот.полости (7 раб.дн.)",650,
,Анализ на УПМ мокроты (бак.посев) (7 раб.дн.),650,
,"Микробиологическое (культуральное) исследование мочи на аэробные и
факультативно-анаэробные УПМ (7 раб.дн.)",650,
,"Антибиотикограмма (Определение чувствительности микроорганизмов к
антимикробным химиотерапевтическим препаратам диско-дифузионным методом (7 раб.дней)",450,
,13С-уреазный дыхательный тест на Helicobacter Pylori (1 раб.день),800,
,"Копрограмма / копроскопия (Микроскопическое исследование кала на простейшие
(1 раб.день)",350,
,"Исследование микробиоценоза кишечника (дисбактериоз) культуральными
методами (7 раб.дней)",2200,
,Исследование уровня водородных ионов (pH) в кале,150,
,Определение чувствительности к антимикотикам (7 раб.дн.),350,
,"Определение чувствительности микроорганизмов к бактериофагам (одному) (7
раб.дней)",380,
,Расширенный анализ на антибиотики (7 раб.дн.),710,
,Расширенный анализ на бактериофаги (7 раб.дн.),2400,
,Соскоб на энтеробиоз (1 раб.дн.),200,
Офтальмологические услуги,Авторефрактометрия,370,
Офтальмологические услуги,Авторефрактометрия в условиях циклоплегии ( с использованием капель),500,
Офтальмологические услуги,Биомикроскопия (на щелевой лампе),500,
Офтальмологические услуги,Гониоскопия,600,
Офтальмологические услуги,"Замена мягких контактных линз (надевание, снятие)",350,
Офтальмологические услуги,Измерение ВГД по циркадианным ритмам (суточное),900,
Офтальмологические услуги,Измерение внутриглазного давления безконтактное,370,
,Измерение внутриглазного давления контактное по Маклакову,450,
,Измерение внутриглазного давления контактное по Маклакову ( с нагрузкой),700,
,Инъекция парабульбарная/ субъконъюнктивальная в один глаз,550,
,Исследование ресниц на демодекс,450,
,Компьютерная периметрия,550,
,Консультация в лазерном кабинете,1500,
,Низкочастотная магнитотерапия на орган зрения (1 поле),300,
,Низкочастотная магнитотерапия на орган зрения (2 поля),500,
,Массаж век медицинский (1 сеанс),300,
,Микропериметрия,550,
,Обучение пользованию контактными линзами,650,
,Осмотр периферии глазного дна с использованием трехзеркальной линзы Гольдмана,1100,
,Офтальмоскопия (глазное дно),530,
,Ультразвуковая кератопахиметрия,550,
,Подбор контактной коррекции зрения,850,
,Подбор контактной коррекции зрения (при астигматизме),1050,
,Подбор очковой коррекции зрения (при астигматизме),950,
,"Подбор очков при пресбиопии, миопии, гиперметропии",760,
,Прием при заболеваниях переднего отрезка глаза (красный глаз),800,
,Проверка остроты зрения,400,
,Промывание слезоотводящих путей (1 глаз),700,
,Скиаскопия,550,
,Удаление инородного тела глаза,800,
,Эхобиометрия глаза (А-сканирование),730,
,Цветоощущение (офтальмохромоскопия),350,
Офтальмологические инъекции,Инъекция Бетаметазона (Дипроспан) в субтеноново пространство (1 глаз) *,2750,
Офтальмологические инъекции,Инъекция Кортексина и Ретиналамина в субтеноново пространство (1 глаз) *,3650,
Офтальмологические инъекции,Интравитреальное введение Афлиберцепт (Эйлея) (1 глаз) *,28800,
Офтальмологические инъекции,Интравитреальное введение Ранибизумаба (Луцентис) (1 глаз) *,35000,
Офтальмологическая томография,Гейдельбергская ретинальная томография зрительного нерва (2 глаза),1500,
Офтальмологическая томография,"Гейдельбергская ретинальная томография зрительного нерва (повторные пациенты
до 6 мес.) (2 глаза)",1100,
Офтальмологическая томография,Оптическая когерентная томография ОСТ дисков зрительных нервов (1 глаз),1150,
Офтальмологическая томография,Оптическая когерентная томография ОСТ дисков зрительных нервов (2 глаза),1800,
Офтальмологическая томография,"Оптическая когерентная томография ОСТ дисков зрительных нервов (повторные
пациенты до 6 мес.) (2 глаза)",1500,
Офтальмологическая томография,Оптическая когерентная томография ОСТ макулярной области (1 глаз),1150,
Офтальмологическая томография,Оптическая когерентная томография ОСТ макулярной области (2 глаза),1800,
Офтальмологическая томография,"Оптическая когерентная томография ОСТ макулярной области (повторные пациенты
до 6 мес.) (2 глаза)",1500,
Офтальмологическая томография,Оптическая когерентная томография роговицы (1 глаз),600,
Офтальмологическая томография,Оптическая когерентная томография роговицы (2 глаза),1000,
Офтальмологическая томография,Оптическая когерентная томография периферии сетчатки 1 глаз,1500,
Офтальмологическая томография,Оптическая когерентная томография периферии сетчатки 2 глаза,2500,
Офтальмологическая томография,Оптическая когерентная томография с ангиографией (1 глаз),2000,
Офтальмологическая томография,Оптическая когерентная томография с ангиографией (2 глаза),3600,
Офтальмологическая томография,"Оптическая когерентная томография с ангиографией (повторные пациенты до 3
мес.)(1 глаз)",1800,
Офтальмологическая томография,"Оптическая когерентная томография с ангиографией (повторные пациенты до 3
мес.)(2 глаза)",2700,
Офтальмологическая томография,Оптическая когерентная томография трабекулярного сегмента (угол ПК)(2 глаза),1130,
Офтальмологическая томография,Пахиметрия лазерная,650,
Офтальмологический лазерный кабинет,Диодлазерная транссклеральная циклофотокоогуляция (ДЛТСЦФК),9500,
Офтальмологический лазерный кабинет,Лазеркоагуляция сетчатки (ЛКС) 1-2 сектора,4500,
Офтальмологический лазерный кабинет,Лазеркоагуляция сетчатки (ЛКС) 3-4 сектора,9000,
Офтальмологический лазерный кабинет,Панретинальная лазеркоагуляция (ПЛКС) 1 сеанс,5000,
Офтальмологический лазерный кабинет,Транспупиллярная термотерапия (ТТТ) (1 сеанс),3600,
Офтальмологический лазерный кабинет,Лазерная гониопластика (ЛГП),4200,
Офтальмологический лазерный кабинет,Лазерная трабекулопластика (ЛТП),4200,
Офтальмологический лазерный кабинет,Дополнительная лазеркоагуляция,2000,
,Тренажер Амблиотренер 1 сеанс,150,
,Тренажер Визотроник 1 сеанс,270,
,Тренажер Макулостимулятор 1 сеанс,220,
,Тренажер Радуга 1 сеанс,170,
,Тренажер Ручеек 1 сеанс,230,
,Тренажер Форбис 1 сеанс,250,
Дневной стационар,Введение аутологичной плазмы (курсовая терапия 10 процедур),7000,
Дневной стационар,Блокада внутрисуставная (без стоимости препарата),1000,
Дневной стационар,Внутривенные капельные инъекции,800,
Дневной стационар,Внутривенные струйные инъекции,400,
Дневной стационар,Внутримышечное введение лекарственных препаратов,350,
Дневной стационар,Инфузионно-детоксикационная терапия,5500,
Дневной стационар,Локальная инъекционная терапия при болевых синдромах,1800,
Дневной стационар,Ингаляторное введение лекарственных препаратов через небулайзер,250,
Дневной стационар,Одновременно в/в капельно 2 препарата 1 системой,900,
Дневной стационар,Подкожные инъекции,200,
Детский неврологический центр,Биоакустическая коррекция (БАК),1000,
Гинекологические услуги,"Комплексный забор гинекологического материала врачом вне гинекологического
приема",600,
Гинекологические услуги,"Комплексный забор гинекологического материала акушеркой вне гинекологического
приема",500,
Гинекологические услуги,Биопсия шейки матки прицельная радиоволновой петлей,2300,
Гинекологические услуги,Введение акушерского разгружающего поддерживающего кольца (пессария),1900,
Гинекологические услуги,Введение внутриматочной спирали,1500,
Гинекологические услуги,Введение гинекологического пессария,600,
Гинекологические услуги,Раздельное диагностическое выскабливание цервикального канала,3000,
Гинекологические услуги,Кольпоскопия,1500,
Гинекологические услуги,Местная анестезия,600,
Гинекологические услуги,Обзорный снимок шейки матки,300,
Гинекологические услуги,Комплекс исследований по определению беременности (гравидотест),300,
Гинекологические услуги,"Исследование водородного показателя (pH) в амниотической жидкости в
цервикальной слизи (тест на подтекание околоплодных вод)",1000,
Гинекологические услуги,Пайпель биопсия эндометрия,2000,
Гинекологические услуги,Радиоволновая терапия шейки матки (повторная),2000,
Гинекологические услуги,Повторный прием после лечения шейки матки (с обработкой),1500,
Гинекологические услуги,Радиоволновая терапия шейки матки (коагуляция),3000,
Гинекологические услуги,Электроэксцизия новообразования шейки матки (полипэктомия),3000,
Гинекологические услуги,Радиоволновая эксцизия шейки матки,5000,
Гинекологические услуги,Удаление внутриматочной спирали (простое),1000,
Гинекологические услуги,Удаление кондилом радиоволновым методом,2500,
Гинекологические услуги,Удаление полипа цервикального канала,2500,
Гинекологические услуги,Аргоноплазменная коагуляция шейки матки без анестезии,6000,
Гинекологические услуги,Вскрытие и дренирование кисты бартолиниевой железы под местной анестезией,9600,
Гинекологические услуги,Кардиотокография плода (КТГ с расшифровкой результата),2000,
Гинекологические услуги,Местная анестезия при гинекологических манипуляциях,1300,
Лор-услуги,"Иссечение ""холодного"" абсцесса небной миндалины",3700,
Лор-услуги,Иссечение синехий и атрезий носа,5500,
Лор-услуги,Лазерная коагуляция полипов носа двусторонняя,14000,
Лор-услуги,Лазерная коагуляция полипов носа односторонняя,9000,
Лор-услуги,Лазерная коагуляция при носовых кровотечениях,5500,
Лор-услуги,Лакунотомия лазерная,4500,
Лор-услуги,Лазерное удаление кист и папиллом лор-органов более 25 мм,3000,
Лор-услуги,Лазерное удаление кист и папиллом лор-органов до 25 мм,2800,
Лор-услуги,Лазерное удаление кист и папиллом лор-органов до 5 мм,2500,
Лор-услуги,Лечение фарингитов (лазерная коагуляция гранул и боковых валиков),3500,
Лор-услуги,Подслизистая лазерная коагуляция (вапоризация) нижних носовых раковин,15000,
Лор-услуги,Рассечение рубцов и спаек небных миндалин и дужек,3500,
Лор-услуги,Назальный душ,650,
Лор-услуги,Промывание верхнечелюстной пазухи носа (с 2-х сторон),1300,
Лор-услуги,Промывание верхнечелюстной пазухи носа,750,
Лор-услуги,"Промывание полости носа ""Проетцу""",800,
Лор-услуги,Аудиометрия,1600,
,Пари-синус,700,
,Биопсия слизистой гортаноглотки,800,
,Вестибулометрия,650,
,Внутригортанное вливание,500,
,"Вскрытие фурункула (абцесса,гематомы,атеромы,кисты) носа",2000,
,Вскрытие гематомы и абцессов носовой перегородки,2000,
,Вскрытие паратонзиллярного абсцесса,2000,
,Дренирование фурункула наружного уха,2000,
,Видеоларингоскопия,1500,
,Наложение синус-катетера ЯМИК повторное,1600,
,Наложение синус-катетера ЯМИК с двух сторон,4200,
,Наложение синус-катетера ЯМИК с одной стороны,3200,
,Осмотр барабанной перепонки с использованием микроскопа,1000,
,Парацентез (с 2-х сторон),2500,
,Парацентез,2000,
,Перевязка ран после хирургических вмешательств на лор-органах,1000,
,Передняя тампонада носа,1500,
,Пневмомассаж барабанных перепонок,500,
,Продувание ушей по Политцеру,500,
,Промывание небных миндалин лекарственными веществами,750,
,Пункция верхнечелюстной пазухи с введением лекарственных веществ с двух сторон,3000,
,"Пункция верхнечелюстной пазухи с введением лекарственных веществ с одной
стороны",2000,
,Регистрация отоакустической эмиссии (ОАЭ),1500,
,Тимпанометрия,1000,
,Туалет уха при мезотимпаните/ радикальной операции,1000,
,Удаление инородного тела глотки,1000,
,Удаление инородного тела гортани,1500,
,Удаление инородного тела носа,1000,
,Удаление инородного тела из слухового отверстия,1000,
,Удаление серной пробки с 1-й стороны,1000,
,Удаление серных пробок с 2-х сторон,1500,
,Эндовидеориноскопия,1800,
,Эндоскопический осмотр ЛОР-органов,2500,
,Тонзиллор (лечение аппаратом),700,
Хирургические и урологические услуги,Сбор секрета простаты,1000,
Хирургические и урологические услуги,Замена цистостомического дренажа (постоянного катетера),1500,
Хирургические и урологические услуги,Массаж предстательной железы,1000,
Хирургические и урологические услуги,Урофлоуметрия,1900,
Хирургические и урологические услуги,Цистоскопия,2700,
Хирургические и урологические услуги,Местная анестезия (лидокаин- 1 амп.),400,
Хирургические и урологические услуги,Местная анестезия (новокаин- 1 амп.),400,
Хирургические и урологические услуги,Местная анестезия (ультракаин- 1 амп.),600,
Хирургические и урологические услуги,"Биопсия кожи, мягких тканей, лимфатических узлов",5700,
Хирургические и урологические услуги,Внутрисуставное введение лекарственных препаратов,2700,
Хирургические и урологические услуги,"Вскрытие панариция (карбункула, фурункула)",3000,
Хирургические и урологические услуги,Иссечение большого гипертрофического рубца (более 5см),5500,
Хирургические и урологические услуги,Иссечение большого гипертрофического рубца (до 5см),2500,
Хирургические и урологические услуги,Удаление доброкачественных новообразований кожи (гигромы),10000,
Хирургические и урологические услуги,"Иссечение кожных новообразований (папилломы, фибромы, невусы) под местной
анестезией",3500,
Хирургические и урологические услуги,"Удаление доброкачественных новообразований подкожно-жировой клетчатки
(липом, атером)",6000,
Хирургические и урологические услуги,"Лечебно-диагностическая пункция (локтевого, коленного сустава)",2800,
Хирургические и урологические услуги,Хирургическая обработка раны или инфицированной ткани,800,
Хирургические и урологические услуги,Перевязка с врачом,1300,
Хирургические и урологические услуги,Перевязка с медицинской сестрой,800,
Хирургические и урологические услуги,Пластика ногтевого валика,2800,
Хирургические и урологические услуги,Пункция пальпируемых опухолей молочных желез,1000,
Хирургические и урологические услуги,Пункция пальпируемых опухолей мягких тканей,1000,
Хирургические и урологические услуги,Хирургическая обработка раны или инфицированной ткани,2800,
Хирургические и урологические услуги,Соскоб кожи,800,
Хирургические и урологические услуги,"Удаление бородавок, папиллом, родинок диаметром до 2 мм с помощью
электронного радиоскальпеля от 1 до 5 штук",600,
Хирургические и урологические услуги,"Удаление бородавок, папиллом, родинок диаметром до 2 мм с помощью
электронного радиоскальпеля от 11 до 20 штук",2000,
,"Удаление бородавок, папиллом, родинок диаметром до 2 мм с помощью
электронного радиоскальпеля от 6 до 10 штук",1800,
,"Удаление бородавок, папиллом, родинок диаметром до 5 мм с помощью
криооскальпеля 1 шт. после консультации хирурга",300,
,"Удаление бородавок, папиллом, родинок диаметром до 5 мм с помощью
криооскальпеля 5 шт. после консультации хирурга",1000,
,Удаление мозоли,3500,
,Удаление ногтевой пластинки,5000,
,Удаление поверхностно-расположенного инородного тела,8000,
,Удаление послеоперационных швов,800,
,Устранение рубцовой деформации,5000,
,Ушивание открытой раны (без кожной пересадки),5000,
,Хирургическая обработка раны (при трофической язве),1500,
,Широкое иссечение опухоли мягких тканей,6500,
Дерматологические услуги,"Осмотр кожи под увеличением (дерматоскопия), до 5 шт.",1000,
Дерматологические услуги,"Осмотр кожи под увеличением (дерматоскопия), 6 шт. и более",1500,
Рентгенография,Рентгенография 1-го и 2-го шейных позвонков,1200,
Рентгенография,"Рентгенография верхней конечности (плечевая кость, кости предплечья, кисть) в 1
проекции 1 конечность",1200,
Рентгенография,"Рентгенография верхней конечности (плечевая кость, кости предплечья, кисть) в 2-х
проекциях 1 конечность",1400,
Рентгенография,Рентгенография грудины,1000,
Рентгенография,"Рентгенография грудного отдела позвоночника (ГОП) (для ВВК в положении
стоя/лежа)",1800,
Рентгенография,Рентгенография грудного отдела позвоночника (ГОП) две проекции,1300,
Рентгенография,Рентгенография ключицы,1000,
Рентгенография,Рентгенография костей носа,1000,
Рентгенография,Рентгенография костей черепа в 1 проекции,900,
Рентгенография,Рентгенография костей черепа в 2-х проекциях,1300,
Рентгенография,Рентгенография плечевого сустава в 1 проекции,1200,
Рентгенография,Рентгенография плечевого сустава в 2-х проекциях,1400,
Рентгенография,Рентгенография локтевого сустава в 1 проекции,1200,
Рентгенография,Рентгенография локтевого сустава в 2-х проекциях,1400,
Рентгенография,Рентгенография лучезапястного сустава в 1 проекции,1200,
Рентгенография,Рентгенография лучезапястного сустава в 2-х проекциях,1400,
Рентгенография,Рентгенография тазобедренного сустава в 1 проекции,1200,
Рентгенография,Рентгенография тазобедренного сустава в 2-х проекциях,1400,
Рентгенография,Рентгенография коленного сустава в 1 проекции,1200,
Рентгенография,Рентгенография коленного сустава в 2-х проекциях,1400,
Рентгенография,Рентгенография голеностопного сустава в 1 проекции,1200,
Рентгенография,Рентгенография голеностопного сустава в 2-х проекциях,1400,
Рентгенография,Рентгенография мелких суставов кистей рук в 1 проекции,1000,
Рентгенография,Рентгенография мелких суставов кистей рук в 2 проекциях,1200,
Рентгенография,Рентгенография мелких суставов стоп в 1 проекции,1000,
Рентгенография,Рентгенография мелких суставов стоп в 2-х проекциях,1200,
Рентгенография,"Рентгенография нижней конечности (бедренная кость, кости голени, кости стоп,
пяточная кость) в 1 проекции 1 конечность",1000,
Рентгенография,"Рентгенография нижней конечности (бедренная кость, кости голени, кости стоп,
пяточная кость) в 2-х проекциях 1 конечность",1200,
Рентгенография,Рентгенография органов грудной клетки в 1 проекции,1000,
Рентгенография,Рентгенография органов грудной клетки в 2-х проекциях,1300,
Рентгенография,Рентгенография пояснично-крестцового отдела позвоночника (ПОП) две проекции,1200,
Рентгенография,"Рентгенография поясничного отдела позвоночника (ПОП) с выполнением
функциональных проб",1500,
Рентгенография,Рентгенография придаточных пазух носа,950,
Рентгенография,Рентгенография турецкого седла в 1 проекции,1000,
Рентгенография,"Рентгенография шейного отдела позвоночника (ШОП) (для ВВК с выполнением
функциональных проб в 2-х проекциях)",2200,
Рентгенография,Рентгенография шейного отдела позвоночника (ШОП) две проекции,1300,
Рентгенография,"Рентгенография шейного отдела позвоночника (ШОП) с выполнением
функциональных проб",1400,
Рентгенография,"Рентгенография стоп с нагрузкой (для определения продольного/поперечного
плоскостопия",1550.00,
Рентгенография,Рентгенография одного пальца кисти в 2-х проекциях,500.00,
,Повторная рентгенография придаточных пазух носа в 1 проекции,500.00,
,Повторная рентгенография органов грудной клетки в 1 проекции,500.00,
,Рентгенография шейного отдела позвоночника (ШОП) в одной проекции,1000.00,
,Рентгенография грудного отдела позвоночника (ГОП) в одной проекции,1000.00,
,Рентгенография поясничного отдела позвоночника (ПОП) в одной проекции,1000.00,
,"Рентгенография органов грудной клетки в одной проекции для учащихся и
студентов",500.00,
,Рентгенография костей таза и тазобедренных суставов в 1 проекции,1500.00,
Ультразвуковые исследования,Ультразвуковое исследование фолликулогенеза (контроль овуляции) первично,1500,
Ультразвуковые исследования,Ультразвуковое исследование фолликулогенеза (контроль овуляции) повторно,1500,
Ультразвуковые исследования,Ультразвуковое скрининговое исследование при сроке беременности 11-14 недели,2500,
Ультразвуковые исследования,"Ультразвуковое скрининговое исследование при сроке беременности 11-14 недели
при многоплодной беременности",3000,
Ультразвуковые исследования,"Ультразвуковое скрининговое исследование при сроке беременности 18-24 недели
беременности",3000,
Ультразвуковые исследования,"Ультразвуковое скрининговое исследование при сроке беременности 18-24 недели
при многоплодной беременности",3600,
Ультразвуковые исследования,Ультразвуковое скрининговое исследование в III триместре беременности,3000,
Ультразвуковые исследования,"Ультразвуковое скрининговое исследование в III триместре беременности при
многоплодной беременности",3600,
Ультразвуковые исследования,Дуплексное сканирование сердца и сосудов плода (УЗДГ плода),2500,
Ультразвуковые исследования,"Ультразвуковое исследование абдоминальное (печень+поджел.
железа+селезенка+желчный пузырь)",1950,
Ультразвуковые исследования,"Ультразвуковое исследование органов брюшной полости (стенка кишечника,
желудок, лим/узлы брюшной полости)",1950,
Ультразвуковые исследования,Ультразвуковое исследование вилочковой железы,1200,
Ультразвуковые исследования,Ультразвуковое исследование матки и придатков трансабдоминальное,1950,
Ультразвуковые исследования,Ультразвуковое исследование глазного яблока,1500,
Ультразвуковые исследования,"Комплексное ультразвуковое исследование внутренних органов (УЗИ желудка водно-
сифонная проба)",1900,
Ультразвуковые исследования,Ультразвуковое исследование матки и придатков трансвагинальное,1950,
Ультразвуковые исследования,Ультразвуковое исследование лимфатических узлов,1300,
Ультразвуковые исследования,Ультразвуковое исследование молочных желез,1950,
Ультразвуковые исследования,Ультразвуковое исследование мочевого пузыря с определением остаточной мочи,1300,
Ультразвуковые исследования,Ультразвуковое исследование мягких тканей,1300,
Ультразвуковые исследования,Ультразвуковое исследование органов мошонки,1550,
Ультразвуковые исследования,Ультразвуковое исследование пилорического отдела желудка,1350,
Ультразвуковые исследования,Ультразвуковое исследование плевральной полости и легких,1300,
Ультразвуковые исследования,Ультразвуковое исследование почек и надпочечников,1250,
Ультразвуковые исследования,Ультразвуковое исследование предстательной железы трансвезикальное,1400,
Ультразвуковые исследования,Ультразвуковое исследование слюнных желез,1300,
Ультразвуковые исследования,Ультразвуковое исследование мелких суставов кисти обзорное,1500,
Ультразвуковые исследования,"Ультразвуковое исследование крупного сустава верхней конечности (плечевой,
локтевой, лучезапястный) 1 сустав",1500,
Ультразвуковые исследования,Ультразвуковое исследование мелких суставов стопы обзорное,1500,
Ультразвуковые исследования,"Ультразвуковое исследование крупного сустава нижней конечности (тазобедренный,
коленный, голеностопный) 1 сустав",1500,
Ультразвуковые исследования,Ультразвуковое исследование ахиллова сухожилия,1500,
Ультразвуковые исследования,Ультразвуковое исследование носовых пазух,1000,
Ультразвуковые исследования,"Ультразвуковое исследование нервов верхней конечности обзорное (срединный,
лучевой, локтевой) 1 конечность",2500,
Ультразвуковые исследования,Ультразвуковое исследование предстательной железы трансректальное,1900,
Ультразвуковые исследования,Ультразвуковое исследование щитовидной и паращитовидных желез,1650,
Ультразвуковые исследования,Ультразвуковое исследование шейки матки (УЗ-цервикометрия),1350,
Ультразвуковые исследования,Внутрисуставная иньекция под контролем УЗИ,4000,
Ультразвуковые исследования,Биопсия предстательной железы под контролем ультразвукового исследования,10000,
Ультразвуковые исследования,Пункция щитовидной или паращитовидной железы под контролем УЗИ,1150,
Ультразвуковые исследования,"Пункция новообразования молочной железы прицельная пункционная под
контролем УЗИ",1150,
Функциональная диагностика,Электроэнцефалография с видеомониторингом (2 часа),3800,
,Ультразвуковая допплерография маточно-плацентарного кровотока,1500,
,"Электрокардиография с физической нагрузкой "" Тредмил-тест""",2000,
,Нейросонография,1500,
,Исследование неспровоцированных дыхательных объемов и потоков (спирография),1000,
,"Исследование дыхательных объемов с применением лекарственных препаратов
(спирография с лекарственными препаратами)",1300,
,"Исследование дыхательных объемов при провокации физической нагрузкой (спирография с
физической нагрузкой)",1300,
,Суточное мониторирование АД,1500,
,Холтеровское мониторирование сердечного ритма,2300,
,Холтеровское мониторирование сердечного ритма совместно с АД (ЭКГ+АД),3200,
,ЭКГ,800,
,ЭКГ + ритм,1000,
,Электрокардиография с применением лекарственных препаратов (ЭКГ с пробами),1100,
,Электрокардиография с физической нагрузкой,1100,
,Эхоэнцефалография (Эхо ЭГ),800,
,"Дуплексное сканирование артерий нижних конечностей (эхоангиография артерий нижних
конечностей)",2400,
,"Дуплексное сканирование брюшной аорты и ее висцеральных ветвей (эхоангиография
брюшного отдела аорты, висцеральных сосудов)",2900,
,"Дуплексное сканирование вен нижних конечностей (эхоангиография вен нижних
конечностей)",2400,
,"Дуплексное сканирование интракраниальных отделов брахиоцефальных артерий
(эхоангиография интракраниальных сосудов (вилизьев круг)",2300,
,"Дуплексное сканирование сосудов (артерий и вен) верхних конечностей (эхоангиография
сосудов (артерии, вены) верхних конечностей)",2300,
,"Дуплексное сканирование сосудов (артерий и вен) нижних конечностей (эхоангиография
сосудов (артерии, вены) нижних конечностей",2900,
,Дуплексное сканирование артерий почек,2300,
,Дуплексное сканирование брахиоцефальных артерий (эхоангиография сосудов шеи ),2700,
,Эхокардиография,3000,
,Дуплексное сканирование сердца и сосудов плода (ЭхоКГ плода),3000,
,"Дуплексное сканирование сердца и сосудов плода (ЭхоКГ плода при многоплодной
беременности)",3500,
,Электроэнцефалография (ЭЭГ),1800,
,Электроэнцефалография (ЭЭГ с выездом),2500,
Эндоскопия,"Прием (осмотр, консультация) врача-эндоскописта первичный",900,
Эндоскопия,Биопсия желудка с помощью эндоскопии,1000,
Эндоскопия,Биопсия пищевода с помощью эндоскопии,1000,
Эндоскопия,Биопсия двенадцатиперстной кишки с помощью эндоскопии,1000,
Эндоскопия,Видеоларингоскопия,2000,
Эндоскопия,Видеоларингоскопия (совместно с врачом-оториноларингологом),2500,
Эндоскопия,"Видеоларингоскопия с удалением инородного тела (совместно с врачом-
оториноларингологом)",3000,
Эндоскопия,Тест на хеликобактер (ФГС),600,
Эндоскопия,Эзофагогастродуоденоскопия (ФГС),3000,
Эфферентные методы лечения,Внутривенное лазерное облучение крови,700,
Эфферентные методы лечения,Ультрафиолетовое облучение крови,800,
Эфферентные методы лечения,Плазмаферез (однократное взятие крови),2500,
Эфферентные методы лечения,Плазмаферез (двукратное взятие крови),3300,
Лаборатория молекулярной генетики,"Генетика Молекулярно-генетическое исследование мутаций в гене BRAF. Срок
выполнения 7 раб.дн.",14250,сроки уточняются индивидуально
Лаборатория молекулярной генетики,"Генетика Молекулярно-генетическое исследование мутаций в гене BRCA 1. Срок
выполнения 7 раб.дн.",14250,сроки уточняются индивидуально
Лаборатория молекулярной генетики,"Генетика Молекулярно-генетическое исследование мутаций в гене BRCA 2. Срок
выполнения 7 раб.дн.",14250,сроки уточняются индивидуально
Лаборатория молекулярной генетики,"Генетика Молекулярно-генетическое исследование мутаций в гене EGFR. Срок
выполнения 7 раб.дн.",14250,сроки уточняются индивидуально
Лаборатория молекулярной генетики,"Генетика Молекулярно-генетическое исследование мутаций в гене KRAS. Срок
выполнения 7 раб.дн.",14250,сроки уточняются индивидуально
Лаборатория молекулярной генетики,"Генетика Молекулярно-генетическое исследование мутаций в гене NRAS. Срок
выполнения 7 раб.дн.",14250,сроки уточняются индивидуально
,"Генетика Определение гена резус-фактора плода в крови матери. Срок выполнения
4 раб.дня",3500,
,"Генетика Определение делеций Y-хромосомы (факторы мужского бесплодия). Срок
выполнения 4 раб.дня",2000,
,"Генетика Профиль ""ОнкоГенетика BRCA"" (8 мутаций). Срок выполнения 4 раб.дня",2900,
,"Генетика Профиль ""Фармакогенетика Варфарин"" (4 мутации). Срок выполнения 4
раб.дня",1500,
,Генетика Тромбофилия F13 G>T. Срок выполнения 4 раб.дня,700,
,Генетика Тромбофилия F2 20210 G>A. Срок выполнения 4 раб.дня,900,
,"Генетика Тромбофилия F5 Лейден мутация, 1691 G>A (Arg506Gln). Срок
выполнения 4 раб.дня",900,
,Генетика Тромбофилия FGB 455 G>A. Срок выполнения 4 раб.дня,700,
,Генетика Тромбофилия ITGB3 1565 Т>C. Срок выполнения 4 раб.дн.,700,
,Генетика Тромбофилия SERPINET (PAI-1) 675 5G >4G. Срок выполнения 4 раб.дн.,700,
,ПЦР ДНК Parvovirus B 19 (колич.). Срок выполнения 4 раб. дня.,1000,
,ПЦР ДНК Toxoplasma gondii (кач.). Срок выполнения 4 раб. дня.,700,
,ПЦР ДНК вируса гепатита В (кач.). Срок выполнения 5 раб.дня.,1000,
,ПЦР ДНК вируса гепатита В (колич.). Срок выполнения 5 раб.дня.,1500,
,"ПЦР ДНК вируса простого герпеса 1 и 2 типов (HSV) (кач.). Срок выполнения 4 раб.
дня.",600,
,"ПЦР ДНК ВПЧ квант-21 (6,11,44,16,18,26,31,33,35,39,45,51,52,53,56,58,59,66,68,73,82)(кач.+колич.+генотип.)
. Срок выпол. 2 раб. дн.",2500,
,ПЦР ДНК цитомегаловируса (кач.). Срок выполнения 4 раб. дн.,800,
,ПЦР ДНК цитомегаловируса (колич.). Срок выполнения 5 раб. дн.,1200,
,ПЦР Кишечные инфекции: РНК Enterovirus (кач.). Срок выполнения 2 раб.дней.,1200,
,"ПЦР Кишечные инфекции: ДНК вобудителя протозойной инвазии лямблия-lamblia
Intestinalis. Срок выполнения 4 раб.дня.",600,
,"ПЦР Кишечные инфекции: ДНК возбудителя гельминтоза аскарида- ascaris
lumbricoides. Срок выполнения 4 раб.дня.",600,
,"ПЦР Кишечные инфекции: ДНК хеликобактер пилори (Helicobacter pylori)(качест.)
Срок выполнения 4 раб. дн.",750,
,"ПЦР Респираторный тракт КОКЛЮШ (кач.) ДНК возбудителей коклюша,
паракоклюша, бронхисептикоза . Срок выполнения 2 раб. дня.",1100,
,ПЦР РНК вируса гепатита С (кач.). Срок выполнения 5 раб.дня.,1000,
,ПЦР РНК вируса гепатита С (колич.). Срок выполнения 5 раб.дня.,1800,
,"ПЦР Генотипирование вируса гепатита С (1,2,3). Срок выполнения 5 раб.дн.",2000,
,"ПЦР ТУБЕРКУЛЕЗ ДНК микобактерий туберкулеза (кач). ). Срок выполнения 7
раб.дней.",800,
,"ПЦР Урогенитальные инфекции: ДНК Cytomegalovirus (кач.). Срок выполнения 2
раб. дня.",800,
,"ПЦР Урогенитальные инфекции: ДНК Mycoplasma genitalium (кач.). Срок
выполнения 2 раб. дня.",500,
,"ПЦР Урогенитальные инфекции: ДНК Mycoplasma hominis (колич.). Срок
выполнения 2 раб. дня.",600,
,"ПЦР Урогенитальные инфекции: ДНК Trichomonas vaginalis (кач.). Срок выполнения
2 раб. дня.",500,
,"ПЦР Урогенитальные инфекции: ДНК Ureaplasma spp. (колич.). Срок выполнения 2
раб. дня.",700,
,"ПЦР Урогенитальные инфекции: ФЛОРОЦЕНОЗ/ БАКТЕРИАЛЬНЫЙ ВАГИНОЗ
(колич.). Срок выполнения 2 раб. дня.",1300,
,"ПЦР Урогенитальные инфекции: ФЛОРОЦЕНОЗ/ КАНДИДЫ (колич.). Срок
выполнения 2 раб. дня.",1300,
"Периодические медицинские осмотры работников предприятий (приказ 29н от
28.01.2021г.)",B04.047.002,Профилактическийприем(осмотр.консультация)врача-терапевта,
"Периодические медицинские осмотры работников предприятий (приказ 29н от
28.01.2021г.)",B04.033.002,Профилактическийприем(осмотр.консультация)врача-профпатолога,
"Периодические медицинские осмотры работников предприятий (приказ 29н от
28.01.2021г.)",B04.023.002,Профилактическийприем(осмотр.консультация)врача-невролога,
"Периодические медицинские осмотры работников предприятий (приказ 29н от
28.01.2021г.)",B04.001.002,Профилактическийприем(осмотр.консультация)врача-акушера-гинеколога,
"Периодические медицинские осмотры работников предприятий (приказ 29н от
28.01.2021г.)",A04.20.001,Ультразвуковоеисследованиематкиипридатковтрансабдоминальное,
"Периодические медицинские осмотры работников предприятий (приказ 29н от
28.01.2021г.)",A02.26.015,Измерениевнутриглазногодавления(с40лет),
"Периодические медицинские осмотры работников предприятий (приказ 29н от
28.01.2021г.)",A05.10.001,ЭКГ,
"Периодические медицинские осмотры работников предприятий (приказ 29н от
28.01.2021г.)",B03.016.003,Общий(клинический)анализкровиразвернутый,
"Периодические медицинские осмотры работников предприятий (приказ 29н от
28.01.2021г.)",B03.016.006,Общий(клинический)анализмочи,
"Периодические медицинские осмотры работников предприятий (приказ 29н от
28.01.2021г.)",A09.05.023,Исследованиеуровняглюкозывкрови,
"Периодические медицинские осмотры работников предприятий (приказ 29н от
28.01.2021г.)",A09.05.026,Исследованиеуровняхолестеринавкрови,
"Периодические медицинские осмотры работников предприятий (приказ 29н от
28.01.2021г.)",А12.20.001,МазокнаИППП(женщинам),
"Периодические медицинские осмотры работников предприятий (приказ 29н от
28.01.2021г.)",A04.20.002,"Ультразвуковоеисследованиемолочныхжелез(женщинампосле40лет)или
маммография",
"Периодические медицинские осмотры работников предприятий (приказ 29н от
28.01.2021г.)",А06.09.007,РентгенОГКилифлюорография,
"Периодические медицинские осмотры работников предприятий (приказ 29н от
28.01.2021г.)",B04.029.002,Профилактическийприем(осмотр.консультация)врача-офтальмолога,
"Периодические медицинские осмотры работников предприятий (приказ 29н от
28.01.2021г.)",B04.028.002,Профилактическийприем(осмотр.консультация)врача-оториноларинголога,
"Периодические медицинские осмотры работников предприятий (приказ 29н от
28.01.2021г.)",B04.008.002,Профилактическийприем(осмотр.консультация)врача-дерматовенеролога,
"Периодические медицинские осмотры работников предприятий (приказ 29н от
28.01.2021г.)",B04.057.002,Профилактическийприем(осмотр.консультация)врача-хирурга,
"Периодические медицинские осмотры работников предприятий (приказ 29н от
28.01.2021г.)",B04.053.002,Профилактическийприем(осмотр.консультация)врача-уролога,
"Периодические медицинские осмотры работников предприятий (приказ 29н от
28.01.2021г.)",А26.06.082.001,Экспресс-диагностикасифилиса,
"Периодические медицинские осмотры работников предприятий (приказ 29н от
28.01.2021г.)",А26.19.010,Микроскопическоеисследованиекаланаяйцаиличинкигельминтов,
"Периодические медицинские осмотры работников предприятий (приказ 29н от
28.01.2021г.)",А26.08.015,Анализмикрофлорызева,
"Периодические медицинские осмотры работников предприятий (приказ 29н от
28.01.2021г.)",А26.08.006,Анализмикрофлорыноса,
Диспансеризация государственных гражданских служащих (приказ №984н от 14.12.2009 г.),B04.047.001,Профилактическийприем(осмотр.консультация)врача-терапевта,
Диспансеризация государственных гражданских служащих (приказ №984н от 14.12.2009 г.),B04.057.001,Профилактическийприем(осмотр.консультация)врача-хирурга,
Диспансеризация государственных гражданских служащих (приказ №984н от 14.12.2009 г.),B04.029.001,Профилактическийприем(осмотр.консультация)врача-офтальмолога,
Диспансеризация государственных гражданских служащих (приказ №984н от 14.12.2009 г.),B04.028.001,Профилактическийприем(осмотр.консультация)врача-оториноларинголога,
Диспансеризация государственных гражданских служащих (приказ №984н от 14.12.2009 г.),B04.023.001,Профилактическийприем(осмотр.консультация)врача-невролога,
Диспансеризация государственных гражданских служащих (приказ №984н от 14.12.2009 г.),B04.001.001,Профилактическийприем(осмотр.консультация)врача-акушера-гинеколога,
Диспансеризация государственных гражданских служащих (приказ №984н от 14.12.2009 г.),B04.053.001,Профилактическийприем(осмотр.консультация)врача-уролога,
Диспансеризация государственных гражданских служащих (приказ №984н от 14.12.2009 г.),B01.058.001,Профилактическийприем(осмотр.консультация)врача-эндокринолога,
Диспансеризация государственных гражданских служащих (приказ №984н от 14.12.2009 г.),A04.20.002,"Ультразвуковоеисследованиемолочныхжелез(женщинампосле40лет)или
маммография",
Диспансеризация государственных гражданских служащих (приказ №984н от 14.12.2009 г.),А06.09.007,РентгенОГКилифлюорография,
Диспансеризация государственных гражданских служащих (приказ №984н от 14.12.2009 г.),A05.10.001,ЭКГ,
Диспансеризация государственных гражданских служащих (приказ №984н от 14.12.2009 г.),B03.016.003,Общий(клинический)анализкровиразвернутый,
Диспансеризация государственных гражданских служащих (приказ №984н от 14.12.2009 г.),B03.016.006,Общий(клинический)анализмочи,
Диспансеризация государственных гражданских служащих (приказ №984н от 14.12.2009 г.),A09.05.023,Исследованиеуровняглюкозывкрови,
Диспансеризация государственных гражданских служащих (приказ №984н от 14.12.2009 г.),A09.05.021,Исследованиеуровняобщегобилирубинавкрови(фракцииобщегобилирубина),
Диспансеризация государственных гражданских служащих (приказ №984н от 14.12.2009 г.),A09.05.010,Исследованиеуровняобщегобелкавкрови,
Диспансеризация государственных гражданских служащих (приказ №984н от 14.12.2009 г.),А09.05.045,Определениеактивностиамилазывкрови,
Диспансеризация государственных гражданских служащих (приказ №984н от 14.12.2009 г.),A09.05.020,Исследованиеуровнякреатининавкрови,
Диспансеризация государственных гражданских служащих (приказ №984н от 14.12.2009 г.),A09.05.018,Исследованиеуровнямочевойкислотывкрови,
Диспансеризация государственных гражданских служащих (приказ №984н от 14.12.2009 г.),A09.05.026,Исследованиеуровняхолестеринавкрови,
Диспансеризация государственных гражданских служащих (приказ №984н от 14.12.2009 г.),A09.05.028,Исследованиеуровняхолестериналипопротеиновнизкойплотности,
Диспансеризация государственных гражданских служащих (приказ №984н от 14.12.2009 г.),A09.05.025,Исследованиеуровнятриглицеридоввкрови,
Диспансеризация государственных гражданских служащих (приказ №984н от 14.12.2009 г.),А09.05.202,АнтигенСА125(OV-монитор)(Access2),
Диспансеризация государственных гражданских служащих (приказ №984н от 14.12.2009 г.),A09.05.130,ПСАобщий(Простатическийспецифическийантиген)(Access2),
"Поступление абитуриентов, осмотр при устройстве на работу подростков  (
форма №086-у)",B04.047.002,Профилактическийприем(осмотр.консультация)врача-терапевта,
,"Профилактический прием (осмотр, консультация) врача-хирурга",450,
,"Профилактический прием (осмотр, консультация) врача-невролога",600,
,"Профилактический прием (осмотр, консультация) врача-офтальмолога",800,
,"Профилактический прием (осмотр, консультация) врача-оториноларинголога",700,
,"Профилактический прием (осмотр, консультация) врача-акушера-гинеколога",750,
,ЭКГ,800,
,Общий (клинический) анализ крови развернутый,680,
,Общий (клинический) анализ мочи,420,
,Исследование уровня глюкозы в крови,240,
"Мед.осмотры детей в школы, детские сады, спортивные секции
(индивидуально, по необходимости)","Профилактический прием (осмотр, консультация) врача-педиатра",700,
"Мед.осмотры детей в школы, детские сады, спортивные секции
(индивидуально, по необходимости)","Профилактический прием (осмотр, консультация) врача - детского хирурга",450,
"Мед.осмотры детей в школы, детские сады, спортивные секции
(индивидуально, по необходимости)","Профилактический прием (осмотр, консультация) врача-травматолога-ортопеда",750,
"Мед.осмотры детей в школы, детские сады, спортивные секции
(индивидуально, по необходимости)","Профилактический прием (осмотр, консультация) врача-невролога",600,
"Мед.осмотры детей в школы, детские сады, спортивные секции
(индивидуально, по необходимости)","Профилактический прием (осмотр, консультация) врача-оториноларинголога",700,
"Мед.осмотры детей в школы, детские сады, спортивные секции
(индивидуально, по необходимости)","Профилактический прием (осмотр, консультация) врача-акушера-гинеколога",550,
"Мед.осмотры детей в школы, детские сады, спортивные секции
(индивидуально, по необходимости)","Профилактический прием (осмотр, консультация) врача-детского уролога-андролога",500,
"Мед.осмотры детей в школы, детские сады, спортивные секции
(индивидуально, по необходимости)","Профилактический прием (осмотр, консультация) врача-офтальмолога детского",850,
"Мед.осмотры детей в школы, детские сады, спортивные секции
(индивидуально, по необходимости)",ЭКГ,800,
"Мед.осмотры детей в школы, детские сады, спортивные секции
(индивидуально, по необходимости)",Общий (клинический) анализ крови развернутый,680,
"Мед.осмотры детей в школы, детские сады, спортивные секции
(индивидуально, по необходимости)",Общий (клинический) анализ мочи,420,
"Мед.осмотры детей в школы, детские сады, спортивные секции
(индивидуально, по необходимости)",Исследование уровня глюкозы в крови,240,
Справка в бассейн,Микроскопическое исследование кала на яйца и личинки гельминтов,250,
Справка в бассейн,Соскоб на энтеробиоз,200,
Справка в бассейн,"Профилактический прием (осмотр, консультация) врача-педиатра",700,
Справка в бассейн,"Профилактический прием (осмотр, консультация) врача-терапевта",600,
Справка в бассейн,"Профилактический прием (осмотр, консультация) врача-дерматовенеролога",450,
"Осмотр водителей индивидуальных транспортных средств до 40 лет категории А или М; подкатегории A1, B1; категории В или ВЕ; подкатегории В1","Профилактический прием (осмотр, консультация) врача-офтальмолога",750,
"Осмотр водителей индивидуальных транспортных средств до 40 лет категории А или М; подкатегории A1, B1; категории В или ВЕ; подкатегории В1","Профилактический прием (осмотр, консультация) врача-терапевта",600,
"Осмотр водителей индивидуальных транспортных средств после 40 лет категории А или М; подкатегории
A1, B1; категории В или ВЕ; подкатегории В1","Профилактический прием (осмотр, консультация) врача-офтальмолога",750,
"Осмотр водителей индивидуальных транспортных средств после 40 лет категории А или М; подкатегории
A1, B1; категории В или ВЕ; подкатегории В1","Профилактический прием (осмотр, консультация) врача-терапевта",600,
"Осмотр водителей индивидуальных транспортных средств после 40 лет категории А или М; подкатегории
A1, B1; категории В или ВЕ; подкатегории В1",ЭКГ,800,
"Осмотр водителей индивидуальных транспортных средств категории C, D, CE, DE, Tm, Tb; подкатегории C1,
D1, C1E, D1E до 40 лет:","Профилактический прием (осмотр, консультация) врача-офтальмолога",750,
"Осмотр водителей индивидуальных транспортных средств категории C, D, CE, DE, Tm, Tb; подкатегории C1,
D1, C1E, D1E до 40 лет:","Профилактический прием (осмотр, консультация) врача-терапевта",600,
"Осмотр водителей индивидуальных транспортных средств категории C, D, CE, DE, Tm, Tb; подкатегории C1,
D1, C1E, D1E до 40 лет:","Профилактический прием (осмотр, консультация) врача-невролога",600,
"Осмотр водителей индивидуальных транспортных средств категории C, D, CE, DE, Tm, Tb; подкатегории C1,
D1, C1E, D1E до 40 лет:","Профилактический прием (осмотр, консультация) врача-оториноларинголога",700,
"Осмотр водителей индивидуальных транспортных средств категории C, D, CE, DE, Tm, Tb; подкатегории C1,
D1, C1E, D1E до 40 лет:",ЭЭГ,1800,
"Осмотр водителей индивидуальных транспортных средств категории C, D, CE, DE, Tm, Tb; подкатегории C1,
D1, C1E, D1E после 40 лет","Профилактический прием (осмотр, консультация) врача-офтальмолога",750,
"Осмотр водителей индивидуальных транспортных средств категории C, D, CE, DE, Tm, Tb; подкатегории C1,
D1, C1E, D1E после 40 лет","Профилактический прием (осмотр, консультация) врача-терапевта",600,
"Осмотр водителей индивидуальных транспортных средств категории C, D, CE, DE, Tm, Tb; подкатегории C1,
D1, C1E, D1E после 40 лет","Профилактический прием (осмотр, консультация) врача-невролога",600,
"Осмотр водителей индивидуальных транспортных средств категории C, D, CE, DE, Tm, Tb; подкатегории C1,
D1, C1E, D1E после 40 лет","Профилактический прием (осмотр, консультация) врача-оториноларинголога",700,
"Осмотр водителей индивидуальных транспортных средств категории C, D, CE, DE, Tm, Tb; подкатегории C1,
D1, C1E, D1E после 40 лет",ЭЭГ,1800,
